label,estimate,low,high,n
t0 sentence-transformers/all-MiniLM-L6-v2 global question,0.638888888888889,0.4305555555555556,0.8194444444444443,12
t0 sentence-transformers/all-MiniLM-L6-v2 global question_evidence,0.638888888888889,0.4305555555555555,0.8057291666666664,12
t0 sentence-transformers/all-MiniLM-L6-v2 in_database question,0.638888888888889,0.4305555555555556,0.8194444444444443,12
t0 sentence-transformers/all-MiniLM-L6-v2 in_database question_evidence,0.638888888888889,0.4305555555555555,0.8057291666666664,12
t0 sentence-transformers/all-mpnet-base-v2 global question,0.6736111111111112,0.5,0.8194444444444445,12
t0 sentence-transformers/all-mpnet-base-v2 global question_evidence,0.4861111111111111,0.3333333333333333,0.6458333333333334,12
t0 sentence-transformers/all-mpnet-base-v2 in_database question,0.6736111111111112,0.5,0.8194444444444445,12
t0 sentence-transformers/all-mpnet-base-v2 in_database question_evidence,0.4861111111111111,0.3333333333333333,0.6458333333333334,12
t1 sentence-transformers/all-MiniLM-L6-v2 global question,0.5972222222222222,0.3958333333333333,0.8055555555555555,12
t1 sentence-transformers/all-MiniLM-L6-v2 global question_evidence,0.6805555555555555,0.5,0.8333333333333334,12
t1 sentence-transformers/all-MiniLM-L6-v2 in_database question,0.5972222222222222,0.3958333333333333,0.8055555555555555,12
t1 sentence-transformers/all-MiniLM-L6-v2 in_database question_evidence,0.6805555555555555,0.5,0.8333333333333334,12
t1 sentence-transformers/all-mpnet-base-v2 global question,0.5694444444444444,0.4166666666666667,0.7222222222222223,12
t1 sentence-transformers/all-mpnet-base-v2 global question_evidence,0.5625,0.375,0.7296874999999995,12
t1 sentence-transformers/all-mpnet-base-v2 in_database question,0.5694444444444444,0.4166666666666667,0.7222222222222223,12
t1 sentence-transformers/all-mpnet-base-v2 in_database question_evidence,0.5625,0.375,0.7296874999999995,12
t2 sentence-transformers/all-MiniLM-L6-v2 global question,0.5833333333333334,0.375,0.7916666666666666,12
t2 sentence-transformers/all-MiniLM-L6-v2 global question_evidence,0.6319444444444444,0.4791666666666667,0.7708333333333334,12
t2 sentence-transformers/all-MiniLM-L6-v2 in_database question,0.5833333333333334,0.375,0.7916666666666666,12
t2 sentence-transformers/all-MiniLM-L6-v2 in_database question_evidence,0.6319444444444444,0.4791666666666667,0.7708333333333334,12
t2 sentence-transformers/all-mpnet-base-v2 global question,0.513888888888889,0.33315972222222223,0.7083333333333334,12
t2 sentence-transformers/all-mpnet-base-v2 global question_evidence,0.75,0.5625,0.9166666666666666,12
t2 sentence-transformers/all-mpnet-base-v2 in_database question,0.513888888888889,0.33315972222222223,0.7083333333333334,12
t2 sentence-transformers/all-mpnet-base-v2 in_database question_evidence,0.75,0.5625,0.9166666666666666,12
t3 sentence-transformers/all-MiniLM-L6-v2 global question,0.5,0.2916666666666667,0.7083333333333334,12
t3 sentence-transformers/all-MiniLM-L6-v2 global question_evidence,0.7013888888888888,0.46527777777777773,0.9029513888888886,12
t3 sentence-transformers/all-MiniLM-L6-v2 in_database question,0.5,0.2916666666666667,0.7083333333333334,12
t3 sentence-transformers/all-MiniLM-L6-v2 in_database question_evidence,0.7013888888888888,0.46527777777777773,0.9029513888888886,12
t3 sentence-transformers/all-mpnet-base-v2 global question,0.5069444444444444,0.3125,0.6875,12
t3 sentence-transformers/all-mpnet-base-v2 global question_evidence,0.6597222222222222,0.5,0.798611111111111,12
t3 sentence-transformers/all-mpnet-base-v2 in_database question,0.5069444444444444,0.3125,0.6875,12
t3 sentence-transformers/all-mpnet-base-v2 in_database question_evidence,0.6597222222222222,0.5,0.798611111111111,12
t4 sentence-transformers/all-MiniLM-L6-v2 global question,0.5972222222222222,0.40972222222222215,0.7638888888888888,12
t4 sentence-transformers/all-MiniLM-L6-v2 global question_evidence,0.8194444444444445,0.6458333333333334,0.937673611111111,12
t4 sentence-transformers/all-MiniLM-L6-v2 in_database question,0.5972222222222222,0.40972222222222215,0.7638888888888888,12
t4 sentence-transformers/all-MiniLM-L6-v2 in_database question_evidence,0.8194444444444445,0.6458333333333334,0.937673611111111,12
t4 sentence-transformers/all-mpnet-base-v2 global question,0.7013888888888888,0.5277777777777778,0.8404513888888886,12
t4 sentence-transformers/all-mpnet-base-v2 global question_evidence,0.6875,0.4583333333333333,0.875,12
t4 sentence-transformers/all-mpnet-base-v2 in_database question,0.7013888888888888,0.5277777777777778,0.8404513888888886,12
t4 sentence-transformers/all-mpnet-base-v2 in_database question_evidence,0.6875,0.4583333333333333,0.875,12
