label,condition,estimate,low,high,n
full-m2,full-m2,0.512,0.472,0.552,500
t0-sentence-transformers/all-MiniLM-L6-v2-k10,t0-sentence-transformers/all-MiniLM-L6-v2-k10,0.258,0.222,0.298,500
t0-sentence-transformers/all-MiniLM-L6-v2-k20,t0-sentence-transformers/all-MiniLM-L6-v2-k20,0.34,0.3,0.38,500
t0-sentence-transformers/all-mpnet-base-v2-k10,t0-sentence-transformers/all-mpnet-base-v2-k10,0.218,0.182,0.254,500
t0-sentence-transformers/all-mpnet-base-v2-k20,t0-sentence-transformers/all-mpnet-base-v2-k20,0.286,0.248,0.324,500
t1-sentence-transformers/all-MiniLM-L6-v2-k10,t1-sentence-transformers/all-MiniLM-L6-v2-k10,0.264,0.226,0.30004999999999993,500
t1-sentence-transformers/all-MiniLM-L6-v2-k20,t1-sentence-transformers/all-MiniLM-L6-v2-k20,0.326,0.286,0.366,500
t1-sentence-transformers/all-mpnet-base-v2-k10,t1-sentence-transformers/all-mpnet-base-v2-k10,0.224,0.188,0.26,500
t1-sentence-transformers/all-mpnet-base-v2-k20,t1-sentence-transformers/all-mpnet-base-v2-k20,0.306,0.268,0.346,500
t2-sentence-transformers/all-MiniLM-L6-v2-k10,t2-sentence-transformers/all-MiniLM-L6-v2-k10,0.274,0.234,0.312,500
t2-sentence-transformers/all-MiniLM-L6-v2-k20,t2-sentence-transformers/all-MiniLM-L6-v2-k20,0.334,0.294,0.372,500
t2-sentence-transformers/all-mpnet-base-v2-k10,t2-sentence-transformers/all-mpnet-base-v2-k10,0.246,0.21,0.28,500
t2-sentence-transformers/all-mpnet-base-v2-k20,t2-sentence-transformers/all-mpnet-base-v2-k20,0.318,0.28,0.358,500
t3-sentence-transformers/all-MiniLM-L6-v2-k10,t3-sentence-transformers/all-MiniLM-L6-v2-k10,0.272,0.234,0.31,500
t3-sentence-transformers/all-MiniLM-L6-v2-k20,t3-sentence-transformers/all-MiniLM-L6-v2-k20,0.35,0.31195,0.39004999999999995,500
t3-sentence-transformers/all-mpnet-base-v2-k10,t3-sentence-transformers/all-mpnet-base-v2-k10,0.254,0.218,0.292,500
t3-sentence-transformers/all-mpnet-base-v2-k20,t3-sentence-transformers/all-mpnet-base-v2-k20,0.314,0.276,0.356,500
t4-sentence-transformers/all-MiniLM-L6-v2-k10,t4-sentence-transformers/all-MiniLM-L6-v2-k10,0.298,0.26,0.33604999999999996,500
t4-sentence-transformers/all-MiniLM-L6-v2-k20,t4-sentence-transformers/all-MiniLM-L6-v2-k20,0.368,0.326,0.41,500
t4-sentence-transformers/all-mpnet-base-v2-k10,t4-sentence-transformers/all-mpnet-base-v2-k10,0.236,0.2,0.274,500
t4-sentence-transformers/all-mpnet-base-v2-k20,t4-sentence-transformers/all-mpnet-base-v2-k20,0.332,0.292,0.372,500
